_2_New_MVI_8113.mp4,misc1_001.mp4
1.mp4,misc1_002.mp4
1_khordad_89_daneshgahe_azad_tehran_markaz.mp4,misc1_003.mp4
10_bahman_dargiri_dar_konserte_samfonie_rejim_dar_holand.mp4,misc1_004.mp4
10_dey_tazahorate_hamiane_dolat_karaj.mp4,misc1_005.mp4
10_khordad_didar_musavi_va_karubi.mp4,misc1_006.mp4
11_khordad_salgare_kianush_asa_elmo_sanat.mp4,misc1_007.mp4
11_ordibehesht_daneshgahe_tehran_ruze_karegar.mp4,misc1_008.mp4
11_ordibehesht_daneshgahe_tehran_ruze_karegar2.mp4,misc1_009.mp4
11_ordibehesht_daneshgahe_tehran_ruze_karegar3.mp4,misc1_010.mp4
11_ordibehesht_daneshgahe_tehran_ruze_karegar4.mp4,misc1_011.mp4
11_ordibehesht_daneshgahe_tehran_ruze_karegar5.mp4,misc1_012.mp4
11_ordibehesht_daneshgahe_tehran_ruze_karegar5_001.mp4,misc1_013.mp4
11_ordibehesht_daneshgahe_tehran_ruze_kargar.mp4,misc1_014.mp4
11_ordibehesht_daneshgahe_tehran_ruze_kargar2.mp4,misc1_015.mp4
11_ordibehesht_ruze_karegar_daneshgahe_tehran.mp4,misc1_016.mp4
11khordad_daneshgah_elmo_sanat_salgarde_kianush_asa.mp4,misc1_017.mp4
12_tir_sokhanane_pedare_mostafa_ghanyan.mp4,misc1_018.mp4
13aban.mp4,misc1_019.mp4
14_farvardin_shajarian_london.mp4,misc1_020.mp4
16_bahman_lar.mp4,misc1_021.mp4
17_khordad_allaho_akbar.mp4,misc1_022.mp4
19_khordad_allaho_akbar.mp4,misc1_023.mp4
2.mp4,misc1_024.mp4
2_khordad_89_daneshgahe_azad_tehran_markaz.mp4,misc1_025.mp4
2_khordad_89_shakuri_rad_elmo_sanat.mp4,misc1_026.mp4
2_khordad_faeze_hashemi_88.mp4,misc1_027.mp4
2_khordad_hamle_be_shakuri_rad_elmo_sanat.mp4,misc1_028.mp4
2_khordad_shakuri_rad_elmo_sanat.mp4,misc1_029.mp4
2_khordade_88_azadi_15000_nafari_pegahe_ahangarani_bahare_rahnama_leili_rashidi.mp4,misc1_030.mp4
20_khordad_allaho_akbar.mp4,misc1_031.mp4
20_khordad_allaho_akbare_shabane.mp4,misc1_032.mp4
20_khordad89_allaho_akbar1.mp4,misc1_033.mp4
20_khordad89_allaho_akbar2.mp4,misc1_034.mp4
20_ordibehesht_beheshti.mp4,misc1_035.mp4
20_ordibehesht_beheshti2.mp4,misc1_036.mp4
20_ordibehesht_daneshgahe_behshti.mp4,misc1_037.mp4
20_ordibehest_beheshti.mp4,misc1_038.mp4
2009_08_05_Tehran_Subway_P11_.mp4,misc1_039.mp4
21_bahman.mp4,misc1_040.mp4
21_khordad_89_allaho_akbar_gharbe_tehran_ekhtesasi.mp4,misc1_041.mp4
21_khordad_89_allaho_akbar_mashhad.mp4,misc1_042.mp4
21_khordad_allaho_akbar_tehran.mp4,misc1_043.mp4
21_khordad89_allaho_akbar.mp4,misc1_044.mp4
21_khordad89_allaho_akbar_gharbe_tehran_rejeye_motorsavaran.mp4,misc1_045.mp4
21_khordad89_allaho_akbar_satarkhan_sadeghie.mp4,misc1_046.mp4
21_khordad89_allaho_akbar_shomal_gharbe_tehran.mp4,misc1_047.mp4
21_khordad89_allahoakbar_saadat_abad.mp4,misc1_048.mp4
21_khordad89_margbar_diktator_satarkhan_sadeghie.mp4,misc1_049.mp4
23_khordad_hamle_shabane_be_beyte_saneii_ghom.mp4,misc1_050.mp4
23_khordad_mohasereye_karubi_ghom.mp4,misc1_051.mp4
23_khordad_mohasereye_karubi_tavasote_lebas_shakhsiha_ghom.mp4,misc1_052.mp4
25 بهمن 89 جمعیتی مثل 25 خرداد 88 در سطح تهران .mp4,misc1_053.mp4
25_Bahamn_Tahavol_2.mp4,misc1_054.mp4
25_bahman.mp4,misc1_055.mp4
25_bahman_basij_bullding.mp4,misc1_056.mp4
25_Bahman_Tahavol_Sharif.mp4,misc1_057.mp4
25_bahman_tehran.mp4,misc1_058.mp4
25_bahman_tehran__daneshjo.mp4,misc1_059.mp4
25_bahman_tokio.mp4,misc1_060.mp4
25_bahman2.mp4,misc1_061.mp4
25_khordad_89_shahid_ramin_ramezani_beheshte_zahra.mp4,misc1_062.mp4
25_khordad_beheshte_zahra.mp4,misc1_063.mp4
25_khordad_filme_taze_montasher_shode.mp4,misc1_064.mp4
25bahman_tehran.mp4,misc1_065.mp4
25bahman_tehran_dead_to_khamenee.mp4,misc1_066.mp4
25bahman89.mp4,misc1_067.mp4
25bahmantehrann.mp4,misc1_068.mp4
27_esfand_mirhosein_musavi_sale_no.mp4,misc1_069.mp4
27_esfand_rahnavard_sale_no.mp4,misc1_070.mp4
27_shahrivar_2_.mp4,misc1_071.mp4
29_esfand_tahvile_sal_hafezie_shiraz.mp4,misc1_072.mp4
4_ordibehesht_sparye_felfel_dar_maraseme_sokhanranie_musavi_dar_mashhad.mp4,misc1_073.mp4
4khordad89_daneshgahe_semnan0safarharandi.mp4,misc1_074.mp4
4shanbe_suri.mp4,misc1_075.mp4
4shanbe_suri_ajudanie.mp4,misc1_076.mp4
555555last.mp4,misc1_077.mp4
6_August_2009_Iran_Tehran_Part_2.mp4,misc1_078.mp4
6_dey_ashura.mp4,misc1_079.mp4
6_dey_ashura_daghayeghi_pas_az_terore_khaharzade_musavi.mp4,misc1_080.mp4
6_dey_ashura2.mp4,misc1_081.mp4
6_dey_koln_germany_dar_hemayat_az_mardom.mp4,misc1_082.mp4
7_minutes_of_Iran_police_brutality_V__YouTube.mp4,misc1_083.mp4
8_bahman_sefarate_iran_dar_italia_roma.mp4,misc1_084.mp4
9_ordibehesht_sokhanranie_mir_hosein_borje_milad.mp4,misc1_085.mp4
afrukhtane_atash_va_shoare_marg_bar_dictator_dar_khiabane_gandi1.mp4,misc1_086.mp4
afrukhtane_atash_va_shoare_marg_bar_dictator_dar_khiabane_gandi2.mp4,misc1_087.mp4
ahoura.mp4,misc1_088.mp4
Ashoura_khameneh_Birthplace_of_Mir_Hossein_Mousavi_Iran_Dec_27_2009.mp4,misc1_089.mp4
Ashoura88.mp4,misc1_090.mp4
bad_konak_haye_sabz_bar_faraze_borje_ifel.mp4,misc1_091.mp4
bahman25_89.mp4,misc1_092.mp4
bahse_ahmadi_moghadam_ba_yek_sepahi.mp4,misc1_093.mp4
behzade_nabavi_bad_az_zendan.mp4,misc1_094.mp4
bozorg_marde_kuchake_jonbeshe_sabz.mp4,misc1_095.mp4
clipe_akshaye_jadide_shahid_davoode_sadr.mp4,misc1_096.mp4
clipe_fereshteii_nist_goruhe_wave.mp4,misc1_097.mp4
clipe_gharare_ma_in_nabud_mohsene_mirdamadi.mp4,misc1_098.mp4
clipe_ghatre_haye_sabze_iran.mp4,misc1_099.mp4
clipe_majide_tavakoli_taksir_shod_na_tahghir.mp4,misc1_100.mp4
clipe_majidhaye_tavakoli.mp4,misc1_101.mp4
clipe_sabz_shod.mp4,misc1_102.mp4
dr_mirdamadi_efshagari.mp4,misc1_103.mp4
DSC00083.mp4,misc1_104.mp4
filme_jadide_neda_agha_soltan_az_dakhele_hokumat.mp4,misc1_105.mp4
filme_mostanad_ruze_esteghamate_melate_sabze_iran.mp4,misc1_106.mp4
filme_mostanad_ruze_esteghamate_melate_sabze_iran2.mp4,misc1_107.mp4
ghaem_magham.mp4,misc1_108.mp4
Iran_police_shooting_at_the_cameraman25_bahman.mp4,misc1_109.mp4
khiabane_sanaiiee.mp4,misc1_110.mp4
laaaaaaaaaaast1.mp4,misc1_111.mp4
movie_sadjad_1.mp4,misc1_112.mp4
movie_sadjad2.mp4,misc1_113.mp4
MVI_6939.mp4,misc1_114.mp4
New.mp4,misc1_115.mp4
New_26122009106.mp4,misc1_116.mp4
New_26122009107.mp4,misc1_117.mp4
New_26122009108.mp4,misc1_118.mp4
New_MVI_6941.mp4,misc1_119.mp4
New_MVI_6942_fallow_blue_t_shirt_person_.mp4,misc1_120.mp4
New_MVI_8085.mp4,misc1_121.mp4
New_MVI_8092.mp4,misc1_122.mp4
New_MVI_8093.mp4,misc1_123.mp4
New_MVI_8094.mp4,misc1_124.mp4
New_MVI_8095.mp4,misc1_125.mp4
New_MVI_8097.mp4,misc1_126.mp4
New_MVI_8098.mp4,misc1_127.mp4
New_MVI_8101.mp4,misc1_128.mp4
People_visiting_Ghotbi_Headcoach_of_iran_House.mp4,misc1_129.mp4
Sabaze_Tehran.mp4,misc1_130.mp4
sar_oomad_zemestoon_2.mp4,misc1_131.mp4
sar_umad_zemestun_be_yade_shahid_amire_javadi_far.mp4,misc1_132.mp4
saroomad.mp4,misc1_133.mp4
seydkhandan_shariat2.mp4,misc1_134.mp4
seydkhandan_shariati.mp4,misc1_135.mp4
Shahid_Mostafa_Ghanian_wmv.mp4,misc1_136.mp4
shamkhani_diruz_emruz_farda.mp4,misc1_137.mp4
shariati.mp4,misc1_138.mp4
sohbat_haye_khahare_mirhosein_dar_rabete_ba_shahid_musavmosahebe_i.mp4,misc1_139.mp4
sokhanranie_torabi_namayandeye_majles_dar_morede_ashura.mp4,misc1_140.mp4
SV_A0024.mp4,misc1_141.mp4
SV_A0026.mp4,misc1_142.mp4
SV_A0027.mp4,misc1_143.mp4
SV_A0028.mp4,misc1_144.mp4
Syndrome_Confession_High_Res_.mp4,misc1_145.mp4
tabriz_eteraz_be_hozure_ahmadi_nejad.mp4,misc1_146.mp4
tabriz_uni.mp4,misc1_147.mp4
tazahorate_hokumatia.mp4,misc1_148.mp4
tazahorate_mardom_dar_maraseme_chehelome_shahid_arabi1.mp4,misc1_149.mp4
tazahorate_mardom_dar_maraseme_chehelome_shahid_arabi2.mp4,misc1_150.mp4
tazahorate_mardom_dar_maraseme_chehelome_shahid_arabi3.mp4,misc1_151.mp4
tazahorate_mardom_moghabele_manzele_shahid_arabi1.mp4,misc1_152.mp4
tazahorate_mardom_moghabele_manzele_shahid_arabi2.mp4,misc1_153.mp4
tehran_25_bahman.mp4,misc1_154.mp4
Tehran_25_Bahman_89_Na_Ghaze_Na_Lobnan_Tunes_va_Mesr_Va_Iran_.mp4,misc1_155.mp4
TEHRAN_demonstration_14_February_2011_25_bahman.mp4,misc1_156.mp4
TEHRAN_DEMONSTRATION_14_February_2011_25bahman.mp4,misc1_157.mp4
tnb13_1.mp4,misc1_158.mp4
VIDE0203.mp4,misc1_159.mp4
Video012.mp4,misc1_160.mp4
Vienna_Human_Rights_in_Iran_24th_July.mp4,misc1_161.mp4
آتش زدن عکس خامنه ای در 25 بهمن  ؛ بزرگراه نواب تهران .mp4,misc1_162.mp4
بیست و پنج بهمن 89 - بالاتر از م جمهوری تهران. .mp4,misc1_163.mp4
پایین کشیدن و لگد مال کردن عكس خامنه ای ۲۵ بهمن .mp4,misc1_164.mp4
تظاهرات جنبش سبز، 25 بهمن 89، خیابان آذربایجان.mp4,misc1_165.mp4
تظاهرات مردم در 25 بهمن 89 - تهران نزدیکی میدان انقلاب (4).mp4,misc1_166.mp4
تقاطع اسکندری-فرصت 25 bahman.mp4,misc1_167.mp4
تهران خ توحید 25 بهمن .mp4,misc1_168.mp4
صحنه اي از تظاهرات 25بهمن -تهران (2) .mp4,misc1_169.mp4
گوشه ای از جمعیت پراکنده شده از خیابان آزادی در ضلع شمالی میدان جمهوری.mp4,misc1_170.mp4
مجموعه فيلمهاي تظاهرات 25 بهمن - مرگ بر اصل ولايت فقيه-4 .mp4,misc1_171.mp4